{"stats":{"minecraft:custom":{"minecraft:jump":14,"minecraft:time_since_rest":16235,"minecraft:damage_dealt":16,"minecraft:damage_taken":135,"minecraft:sprint_one_cm":10978,"minecraft:leave_game":1,"minecraft:play_time":16235,"minecraft:time_since_death":16235,"minecraft:walk_one_cm":13830,"minecraft:total_world_time":16235,"minecraft:fly_one_cm":1219},"minecraft:crafted":{"minecraft:stick":4},"minecraft:used":{"alexsmobs:animal_dictionary":2},"minecraft:mined":{"rocks:oak_stick":1,"minecraft:oak_planks":3,"minecraft:oak_stairs":1},"minecraft:picked_up":{"minecraft:stick":1,"minecraft:oak_planks":3,"minecraft:oak_stairs":1}},"DataVersion":3465}