{"stats":{"minecraft:killed_by":{"minecraft:zombie":1,"thermal:blitz":1},"minecraft:custom":{"minecraft:jump":86,"minecraft:time_since_rest":10592,"minecraft:damage_taken":573,"minecraft:leave_game":4,"minecraft:crouch_one_cm":235,"minecraft:play_time":20273,"minecraft:time_since_death":12991,"minecraft:sprint_one_cm":29363,"minecraft:walk_one_cm":15504,"minecraft:walk_on_water_one_cm":3474,"minecraft:deaths":2,"minecraft:sneak_time":24,"minecraft:total_world_time":20273,"minecraft:fall_one_cm":952,"minecraft:fly_one_cm":120500}},"DataVersion":3465}