{"stats":{"minecraft:picked_up":{"exdeorum:mycelium_spores":1,"minecraft:wheat":64,"exdeorum:dust":493,"thermal:amaranth":2,"minecraft:creeper_head":1,"minecraft:prismarine_shard":8,"minecraft:lead":18,"exdeorum:iron_ore_chunk":285,"exdeorum:grass_seeds":8,"minecraft:raw_copper":8,"pipez:energy_pipe":7,"thermal:sulfur":17,"mysticalagriculture:inferium_essence":5,"cobblefordays:tier_1":3,"mekanism:basic_universal_cable":2,"minecraft:wooden_shovel":1,"xycraft_world:xychorium_gem_green":32,"minecraft:furnace":3,"minecraft:stick":36,"exdeorum:oak_crucible":1,"minecraft:torch":4,"tombstone:grave_dust":3,"minecraft:pointed_dripstone":193,"thermal:apatite":13,"minecraft:stone_sword":1,"exdeorum:tin_ore_chunk":179,"supplementaries:ash":1,"ars_nouveau:sourceberry_bush":1,"minecraft:blaze_powder":29,"minecraft:cobblestone":19,"exdeorum:osmium_ore_chunk":106,"minecraft:pink_petals":23,"exdeorum:basalt_pebble":132,"enderio:grains_of_infinity":53,"minecraft:potato":10,"minecraft:flint":462,"exdeorum:nickel_ore_chunk":137,"ae2:charged_certus_quartz_crystal":3,"minecraft:lapis_lazuli":172,"minecraft:dirt":1031,"immersiveengineering:hemp_fiber":200,"xycraft_world:xychorium_storage_dark":5,"alltheores:raw_tin":2,"minecraft:wheat_seeds":128,"minecraft:raw_gold":77,"everlastingabilities:ability_totem":1,"minecraft:glowstone_dust":44,"minecraft:oak_planks":5,"mekanism:metallurgic_infuser":2,"xycraft_world:xychorium_gem_red":20,"ae2:certus_quartz_crystal":6,"minecraft:poisonous_potato":1,"exdeorum:flint_mesh":5,"minecraft:sand":650,"integrateddynamics:squeezer":4,"xycraft_world:xychorium_gem_dark":22,"alltheores:raw_nickel":15,"xycraft_world:xychorium_gem_light":39,"minecraft:clay":7,"minecraft:diamond":56,"minecraft:lever":1,"alltheores:raw_aluminum":11,"minecraft:bone_meal":61,"exdeorum:copper_ore_chunk":225,"minecraft:emerald":26,"minecraft:oak_sapling":62,"minecraft:cherry_slab":1,"minecraft:oak_leaves":117,"croptopia:toast":10,"exdeorum:gold_ore_chunk":148,"functionalstorage:oak_1":8,"minecraft:charcoal":2,"minecraft:coarse_dirt":36,"minecraft:clay_ball":20,"thermal:cinnabar":13,"exdeorum:oak_barrel":1,"thermal:strawberry":3,"exdeorum:blackstone_pebble":141,"exdeorum:string_mesh":2,"exdeorum:granite_pebble":198,"exdeorum:golden_mesh":12,"exdeorum:iron_mesh":2,"exdeorum:zinc_ore_chunk":102,"minecraft:iron_nugget":38,"minecraft:sugar_cane":2,"minecraft:chest":2,"minecraft:egg":15,"minecraft:raw_iron":98,"exdeorum:porcelain_crucible":2,"minecraft:carrot":16,"mcwfences:sandstone_grass_topped_wall":1,"minecraft:redstone":70,"minecraft:prismarine_crystals":9,"xycraft_world:xychorium_gem_blue":16,"ae2:certus_quartz_dust":48,"exdeorum:diorite_pebble":216,"everlastingabilities:ability_bottle":1,"exdeorum:andesite_pebble":252,"alltheores:raw_osmium":16,"exdeorum:random_pottery_sherd":4,"rftoolspower:coalgenerator":1,"minecraft:leather":8,"forcecraft:force_gem":44,"minecraft:oak_log":132,"minecraft:gunpowder":74,"mekanism:salt":70,"ae2:sky_dust":47,"minecraft:apple":7,"exdeorum:oak_sieve":15,"exdeorum:stone_pebble":1028,"minecraft:stone_pickaxe":1,"minecraft:soul_sand":1,"functionalstorage:simple_compacting_drawer":3,"exdeorum:deepslate_pebble":143,"exdeorum:lead_ore_chunk":124,"thermal:strawberry_seeds":2,"minecraft:stone_brick_slab":5,"minecraft:gravel":3392,"minecraft:amethyst_shard":83,"exdeorum:silver_ore_chunk":139,"minecraft:spider_eye":1,"mekanismgenerators:wind_generator":2,"forbidden_arcanus:arcane_crystal":20,"minecraft:pumpkin_seeds":4,"exdeorum:aluminum_ore_chunk":146,"immersiveengineering:seed":43,"minecraft:stone_axe":1,"mekanism:fluorite_gem":14,"alltheores:raw_silver":2,"thermal:amaranth_seeds":8,"minecraft:melon_seeds":4,"minecraft:coal":319,"alltheores:copper_ore_hammer":2},"minecraft:crafted":{"pipez:wrench":1,"minecraft:smooth_stone":3,"minecraft:oak_planks":143,"alltheores:lead_ingot":2,"minecraft:sand":2,"alltheores:silver_ore":1,"ironfurnaces:iron_furnace":1,"minecraft:stone":126,"exdeorum:unfired_porcelain_crucible":1,"minecraft:lever":1,"alltheores:osmium_ore":11,"thermal:slag":1,"alltheores:tin_ingot":2,"minecraft:granite":11,"minecraft:glass":19,"minecraft:stone_brick_slab":28,"alltheores:aluminum_ore":15,"alltheores:nickel_ore":11,"allthecompressed:sand_1x":54,"minecraft:chest":6,"minecraft:copper_block":2,"mekanism:basic_fluid_tank":1,"minecraft:stone_hoe":5,"minecraft:stone_bricks":21,"alltheores:steel_dust":16,"exdeorum:stone_hammer":27,"mekanism:energy_tablet":2,"exdeorum:porcelain_crucible":1,"cobblefordays:tier_2":1,"integrateddynamics:squeezer":1,"rftoolspower:coalgenerator":1,"minecraft:oak_slab":74,"minecraft:wooden_shovel":1,"exdeorum:oak_barrel":4,"minecraft:crafting_table":2,"minecraft:gold_ore":38,"minecraft:gravel":2,"minecraft:wooden_pickaxe":1,"minecraft:kelp":3,"minecraft:copper_ingot":27,"minecraft:diorite":11,"cobblefordays:tier_1":1,"alltheores:lead_ore":4,"exdeorum:oak_crucible":1,"minecraft:dark_oak_sapling":1,"minecraft:string":52,"mekanism:steel_casing":3,"exdeorum:flint_mesh":5,"constructionwand:stone_wand":1,"minecraft:stick":51,"minecraft:stone_slab":12,"minecraft:iron_ingot":53,"minecraft:iron_block":4,"minecraft:iron_ore":71,"minecraft:gold_ingot":67,"exdeorum:oak_sieve":5,"minecraft:redstone_torch":2,"minecraft:coarse_dirt":225,"forcecraft:force_ingot":1,"minecraft:mangrove_propagule":1,"mekanism:basic_universal_cable":8,"minecraft:stone_shovel":7,"functionalstorage:simple_compacting_drawer":1,"rftoolsbase:machine_frame":1,"minecraft:smooth_stone_slab":6,"mekanismgenerators:wind_generator":1,"alltheores:aluminum_ingot":20,"minecraft:cobbled_deepslate":5,"minecraft:furnace":4,"mekanism:energized_smelter":1,"minecraft:piston":1,"exdeorum:diamond_mesh":6,"allthecompressed:cobblestone_1x":383,"allthecompressed:gravel_1x":69,"alltheores:copper_ore_hammer":1,"minecraft:basalt":7,"alltheores:tin_ore":2,"exdeorum:string_mesh":5,"minecraft:stone_pickaxe":3,"allthecompressed:andesite_1x":3,"alltheores:steel_ingot":0,"minecraft:redstone_block":2,"exdeorum:iron_mesh":6,"functionalstorage:oak_1":1,"powah:dielectric_paste":16,"exdeorum:golden_mesh":6,"exdeorum:stone_barrel":1,"create:andesite_alloy":3,"alltheores:osmium_ingot":16,"biggerreactors:graphite_ingot":0,"mekanism:metallurgic_infuser":1,"alltheores:nickel_ingot":1,"pickletweaks:flint_shears":2,"pipez:energy_pipe":16,"mekanism:superheating_element":1,"minecraft:bucket":1,"minecraft:copper_ore":21,"exdeorum:compressed_stone_hammer":2,"minecraft:air":3120,"exdeorum:crook":1,"minecraft:blue_dye":4,"exdeorum:porcelain_clay_ball":7,"minecraft:cobblestone":228,"minecraft:gold_nugget":9,"mekanism:enrichment_chamber":1,"forbidden_arcanus:aurum_sapling":1,"minecraft:blackstone":30,"minecraft:anvil":1,"minecraft:armor_stand":2,"alltheores:iron_dust":8,"minecraft:andesite":42,"minecraft:torch":70,"minecraft:clay":1},"minecraft:custom":{"minecraft:animals_bred":4,"minecraft:interact_with_crafting_table":179,"minecraft:open_barrel":11,"minecraft:leave_game":11,"minecraft:time_since_death":874704,"minecraft:sprint_one_cm":870902,"minecraft:drop":50,"minecraft:talked_to_villager":13,"minecraft:play_time":874704,"minecraft:jump":889,"minecraft:walk_on_water_one_cm":3732,"minecraft:interact_with_furnace":189,"minecraft:traded_with_villager":8,"minecraft:sleep_in_bed":12,"minecraft:damage_dealt":5712,"minecraft:crouch_one_cm":5523,"tombstone:undead_killed":3,"tombstone:villager_killed":5,"minecraft:mob_kills":24,"minecraft:interact_with_anvil":3,"minecraft:interact_with_campfire":1,"minecraft:damage_dealt_resisted":0,"minecraft:climb_one_cm":641,"minecraft:walk_one_cm":1223581,"minecraft:sneak_time":11014,"minecraft:walk_under_water_one_cm":2841,"minecraft:total_world_time":874704,"tombstone:raider_killed":3,"minecraft:time_since_rest":28647,"minecraft:damage_taken":1080,"minecraft:use_wand":1,"minecraft:fly_one_cm":125339,"minecraft:open_chest":537,"minecraft:fall_one_cm":122121},"minecraft:dropped":{"minecraft:clay":1,"minecraft:oak_log":4,"minecraft:diamond":22,"pickletweaks:flint_shears":1,"exdeorum:golden_mesh":6,"minecraft:dirt":507,"exdeorum:compressed_stone_hammer":2,"minecraft:sugar_cane":1,"minecraft:oak_planks":6,"minecraft:egg":1,"minecraft:stone_hoe":4,"minecraft:oak_slab":7,"minecraft:wheat_seeds":1,"minecraft:cobblestone":3,"exdeorum:porcelain_crucible":1,"minecraft:wooden_hoe":1,"minecraft:torch":175,"exdeorum:grass_seeds":2,"alltheores:copper_ore_hammer":2,"mekanism:metallurgic_infuser":1,"minecraft:stone_shovel":6,"ironfurnaces:iron_furnace":1,"minecraft:oak_sapling":1,"rftoolspower:coalgenerator":1,"immersiveengineering:hemp_fiber":40},"minecraft:mined":{"mekanismgenerators:wind_generator":2,"minecraft:oak_sapling":1,"minecraft:farmland":120,"minecraft:grass_block":17,"integrateddynamics:squeezer":4,"cobblefordays:tier_1":3,"allthecompressed:sand_1x":54,"minecraft:iron_ore":4,"minecraft:pointed_dripstone":2,"exdeorum:oak_sieve":15,"alltheores:nickel_ore":3,"pipez:energy_pipe":7,"minecraft:clay":5,"minecraft:torch":4,"minecraft:chest":2,"minecraft:cobblestone":47,"minecraft:oak_planks":2,"minecraft:pink_petals":8,"minecraft:wheat":2,"exdeorum:dust":3,"alltheores:tin_ore":2,"minecraft:grass":9,"exdeorum:oak_barrel":1,"allthecompressed:cobblestone_1x":373,"minecraft:sand":5,"minecraft:dirt":739,"mekanism:basic_universal_cable":2,"minecraft:oak_leaves":200,"functionalstorage:oak_1":8,"minecraft:lever":1,"minecraft:redstone_wire":1,"minecraft:furnace":3,"immersiveengineering:hemp":23,"functionalstorage:simple_compacting_drawer":3,"allthecompressed:andesite_1x":3,"alltheores:aluminum_ore":1,"minecraft:stone":6,"exdeorum:porcelain_crucible":1,"minecraft:stone_brick_slab":4,"allthecompressed:gravel_1x":70,"minecraft:campfire":1,"minecraft:copper_ore":2,"mcwfences:sandstone_grass_topped_wall":1,"mekanism:metallurgic_infuser":1,"minecraft:coarse_dirt":37,"minecraft:gravel":37},"minecraft:killed":{"minecraft:spider":1,"forcecraft:ender_tot":1,"minecraft:trader_llama":12,"minecraft:phantom":3,"forcecraft:creeper_tot":1,"minecraft:wandering_trader":5},"minecraft:used":{"immersiveengineering:seed":24,"mekanism:basic_fluid_tank":1,"rftoolspower:coalgenerator":1,"minecraft:chest":8,"minecraft:stone":7,"minecraft:iron_sword":102,"allthecompressed:cobblestone_1x":373,"minecraft:carrot":4,"mekanism:basic_universal_cable":9,"minecraft:glass":1,"integrateddynamics:squeezer":5,"alltheores:lead_ore":2,"mekanismgenerators:wind_generator":3,"minecraft:copper_ore":2,"minecraft:furnace":5,"minecraft:oak_sapling":20,"minecraft:egg":1,"minecraft:potato":2,"minecraft:dark_oak_sapling":1,"minecraft:stone_pickaxe":46,"minecraft:oak_planks":3,"minecraft:wooden_pickaxe":1,"minecraft:clay":5,"minecraft:oak_leaves":1,"minecraft:sand":150,"alltheores:nickel_ore":5,"croptopia:scrambled_eggs":2,"minecraft:pumpkin_seeds":2,"mekanism:superheating_element":1,"minecraft:lever":2,"exdeorum:oak_barrel":5,"mekanism:metallurgic_infuser":2,"minecraft:gravel":2354,"alltheores:aluminum_ore":1,"minecraft:wooden_sword":31,"exdeorum:oak_crucible":2,"xycraft_world:xychorium_storage_blue":1,"functionalstorage:oak_1":10,"minecraft:andesite":1,"exdeorum:compressed_stone_hammer":500,"minecraft:coarse_dirt":936,"exdeorum:mycelium_spores":1,"mekanism:enrichment_chamber":1,"minecraft:stone_shovel":859,"minecraft:armor_stand":2,"minecraft:redstone":1,"thermal:amaranth_seeds":2,"minecraft:wooden_shovel":58,"minecraft:stone_hoe":589,"minecraft:torch":27,"minecraft:dirt":43,"minecraft:anvil":1,"cobblefordays:tier_2":1,"mcwfences:sandstone_grass_topped_wall":1,"alltheores:osmium_ore":1,"functionalstorage:simple_compacting_drawer":4,"minecraft:stone_brick_slab":126,"supplementaries:pedestal":1,"minecraft:wooden_axe":85,"minecraft:cherry_slab":1,"minecraft:melon_seeds":2,"exdeorum:porcelain_crucible":2,"alltheores:tin_ore":2,"cobblefordays:tier_1":3,"exdeorum:stone_hammer":73,"minecraft:cooked_beef":27,"minecraft:pointed_dripstone":2,"exdeorum:oak_sieve":20,"minecraft:wheat_seeds":1,"minecraft:water_bucket":7,"minecraft:iron_ore":4,"allthecompressed:andesite_1x":3,"minecraft:crafting_table":2,"forbidden_arcanus:aurum_sapling":1,"constructionwand:stone_wand":1,"exdeorum:stone_barrel":1,"exdeorum:dust":551,"minecraft:wooden_hoe":265,"minecraft:mangrove_propagule":1,"allthecompressed:sand_1x":54,"allthecompressed:gravel_1x":70,"mekanism:energized_smelter":1,"minecraft:pink_petals":1,"minecraft:cobblestone":51,"minecraft:bucket":6,"pipez:energy_pipe":7}},"DataVersion":3465}