{"stats":{"minecraft:custom":{"minecraft:jump":15,"minecraft:time_since_rest":45430,"minecraft:damage_dealt":16,"minecraft:damage_taken":135,"minecraft:sprint_one_cm":12460,"minecraft:leave_game":2,"minecraft:play_time":45430,"minecraft:time_since_death":45430,"minecraft:walk_one_cm":14445,"minecraft:sneak_time":29,"minecraft:total_world_time":45430,"minecraft:fly_one_cm":565879},"minecraft:crafted":{"minecraft:stick":4},"minecraft:used":{"alexsmobs:animal_dictionary":2},"minecraft:mined":{"rocks:oak_stick":1,"minecraft:oak_planks":3,"minecraft:oak_stairs":1},"minecraft:picked_up":{"minecraft:stick":1,"minecraft:oak_planks":3,"minecraft:oak_stairs":1}},"DataVersion":3465}