{"stats":{"minecraft:custom":{"minecraft:jump":15,"minecraft:time_since_rest":28235,"minecraft:damage_dealt":16,"minecraft:damage_taken":135,"minecraft:sprint_one_cm":12460,"minecraft:leave_game":1,"minecraft:play_time":28235,"minecraft:time_since_death":28235,"minecraft:walk_one_cm":14445,"minecraft:total_world_time":28235,"minecraft:fly_one_cm":212482},"minecraft:crafted":{"minecraft:stick":4},"minecraft:used":{"alexsmobs:animal_dictionary":2},"minecraft:mined":{"rocks:oak_stick":1,"minecraft:oak_planks":3,"minecraft:oak_stairs":1},"minecraft:picked_up":{"minecraft:stick":1,"minecraft:oak_planks":3,"minecraft:oak_stairs":1}},"DataVersion":3465}