{"stats":{"minecraft:custom":{"minecraft:jump":85,"minecraft:time_since_rest":2873,"minecraft:damage_taken":573,"minecraft:leave_game":2,"minecraft:crouch_one_cm":235,"minecraft:time_since_death":5272,"minecraft:play_time":12554,"minecraft:sprint_one_cm":29353,"minecraft:walk_one_cm":14407,"minecraft:walk_on_water_one_cm":3474,"minecraft:deaths":2,"minecraft:sneak_time":24,"minecraft:total_world_time":12554,"minecraft:fall_one_cm":952,"minecraft:fly_one_cm":10881},"minecraft:killed_by":{"minecraft:zombie":1,"thermal:blitz":1}},"DataVersion":3465}