{"stats":{"minecraft:dropped":{"rocks:cobblestone_splitter":1},"minecraft:custom":{"minecraft:time_since_rest":8848,"minecraft:sprint_one_cm":82888,"minecraft:walk_one_cm":71514,"minecraft:drop":1,"minecraft:damage_dealt":10,"minecraft:interact_with_crafting_table":1,"minecraft:fly_one_cm":17788,"minecraft:open_chest":1,"minecraft:crouch_one_cm":905,"minecraft:play_time":28720,"minecraft:sneak_time":436,"minecraft:walk_under_water_one_cm":738,"minecraft:jump":92,"minecraft:interact_with_blast_furnace":1,"minecraft:walk_on_water_one_cm":143,"minecraft:time_since_death":28720,"minecraft:sleep_in_bed":2,"minecraft:total_world_time":28720,"minecraft:fall_one_cm":1941},"minecraft:crafted":{"minecraft:stick":4,"minecraft:wooden_pickaxe":1,"minecraft:wooden_axe":1,"mctb:birch_crafting_table":1,"minecraft:birch_planks":20},"minecraft:used":{"minecraft:wooden_axe":2,"minecraft:oak_stairs":1,"twigs:tangerine_seashell":2,"twigs:twig":1,"minecraft:stick":1,"minecraft:torch":2,"minecraft:dirt":14,"croptopia:peach":1,"supplementaries:ash":1,"mctb:birch_crafting_table":1,"twigs:pebble":1,"croptopia:orange":14},"minecraft:mined":{"twigs:pebble":2,"minecraft:birch_log":5,"twigs:tangerine_seashell":2,"rocks:oak_stick":2,"minecraft:birch_leaves":1,"minecraft:grass":3,"minecraft:grass_block":10,"supplementaries:stick":1,"rocks:birch_stick":2,"minecraft:oak_stairs":1,"minecraft:dirt":4,"mctb:birch_crafting_table":1,"twigs:twig":1,"rocks:rock":1,"minecraft:wall_torch":2},"minecraft:picked_up":{"minecraft:birch_log":5,"minecraft:stick":4,"minecraft:wheat":3,"croptopia:peach":1,"minecraft:torch":2,"mctb:birch_crafting_table":1,"minecraft:oak_stairs":1,"minecraft:carrot":4,"minecraft:shield":1,"minecraft:dirt":14,"minecraft:arrow":1,"minecraft:rotten_flesh":1,"minecraft:wheat_seeds":6,"twigs:pebble":1,"croptopia:orange":14,"supplementaries:ash":1,"twigs:twig":1,"twigs:tangerine_seashell":2,"minecraft:iron_sword":1,"rocks:cobblestone_splitter":1}},"DataVersion":3465}