{"stats":{"minecraft:broken":{"minecraft:stone_axe":7},"minecraft:picked_up":{"croptopia:toast":34,"exdeorum:gold_ore_chunk":4,"minecraft:crafting_table":9,"minecraft:wheat":84,"exdeorum:dust":5,"minecraft:chicken":5,"minecraft:creeper_head":1,"minecraft:lead":32,"minecraft:stone_slab":4,"minecraft:oak_stairs":2,"exdeorum:iron_ore_chunk":11,"minecraft:string":3,"exdeorum:blackstone_pebble":16,"silentgear:sinew":2,"minecraft:oak_trapdoor":17,"exdeorum:granite_pebble":15,"exdeorum:string_mesh":1,"minecraft:item_frame":15,"exdeorum:golden_mesh":6,"mysticalagriculture:inferium_essence":8,"mcwbridges:oak_log_bridge_middle":22,"minecraft:beef":9,"exdeorum:zinc_ore_chunk":1,"minecraft:cobblestone_slab":126,"minecraft:poppy":2,"mcwbridges:oak_log_bridge_stair":3,"minecraft:chest":20,"minecraft:egg":24,"minecraft:stick":419,"minecraft:raw_iron":3,"minecraft:stone":5,"exdeorum:porcelain_crucible":1,"minecraft:oak_fence":20,"minecraft:torch":279,"supplementaries:pedestal":1,"minecraft:porkchop":6,"minecraft:pointed_dripstone":4,"minecraft:carrot":22,"mcwfences:sandstone_grass_topped_wall":75,"mekanismtools:steel_chestplate":1,"minecraft:cactus":2,"minecraft:rotten_flesh":1,"exdeorum:diorite_pebble":21,"exdeorum:tin_ore_chunk":3,"exdeorum:andesite_pebble":17,"supplementaries:ash":1,"minecraft:mutton":3,"minecraft:white_wool":4,"minecraft:cobblestone":150,"exdeorum:osmium_ore_chunk":1,"exdeorum:crook":1,"minecraft:pink_petals":5,"exdeorum:basalt_pebble":22,"minecraft:feather":6,"minecraft:andesite":1,"rftoolspower:coalgenerator":1,"minecraft:leather":14,"enderio:grains_of_infinity":2,"minecraft:potato":10,"minecraft:ice":2,"minecraft:flint":32,"minecraft:oak_log":1921,"ironfurnaces:upgrade_iron":1,"botania:flower_bag":1,"minecraft:gunpowder":1,"minecraft:lapis_lazuli":8,"exdeorum:nickel_ore_chunk":3,"minecraft:dirt":808,"pickletweaks:flint_shears":1,"immersiveengineering:hemp_fiber":41,"minecraft:bone":2,"minecraft:apple":54,"minecraft:stone_bricks":7,"minecraft:wheat_seeds":158,"exdeorum:stone_pebble":118,"exdeorum:oak_sieve":1,"minecraft:oak_fence_gate":1,"minecraft:glowstone_dust":3,"minecraft:iron_sword":1,"minecraft:oak_planks":37,"ironfurnaces:iron_furnace":2,"minecraft:oak_slab":74,"mekanism:metallurgic_infuser":1,"exdeorum:deepslate_pebble":19,"exdeorum:lead_ore_chunk":5,"xycraft_world:xychorium_gem_red":2,"minecraft:stone_brick_slab":31,"minecraft:gravel":28,"minecraft:lava_bucket":1,"minecraft:sand":15,"exdeorum:silver_ore_chunk":7,"exdeorum:wooden_watering_can":1,"minecraft:barrel":2,"minecraft:clay":1,"exdeorum:aluminum_ore_chunk":1,"minecraft:diamond":22,"minecraft:bone_meal":2,"exdeorum:copper_ore_chunk":5,"minecraft:bread":4,"minecraft:oak_sapling":714,"botania:gray_petal":3,"minecraft:coal":2,"minecraft:oak_leaves":245,"alltheores:copper_ore_hammer":1},"minecraft:crafted":{"minecraft:oak_planks":707,"minecraft:cobblestone_slab":21,"minecraft:cobbled_deepslate":34,"minecraft:cooked_chicken":0,"minecraft:sand":1,"minecraft:furnace":1,"minecraft:stone_button":2,"mcwbridges:oak_log_bridge_stair":6,"minecraft:stone":193,"allthecompressed:cobblestone_1x":1,"minecraft:cooked_mutton":0,"minecraft:oak_trapdoor":12,"allthecompressed:gravel_1x":1,"minecraft:granite":42,"minecraft:basalt":29,"minecraft:glass":3,"minecraft:stone_brick_slab":84,"exdeorum:string_mesh":1,"minecraft:stone_pickaxe":2,"minecraft:chest":164,"minecraft:oak_fence":99,"minecraft:stone_bricks":63,"exdeorum:stone_hammer":9,"silentgear:dried_sinew":0,"minecraft:cooked_beef":0,"exdeorum:stone_barrel":1,"minecraft:oak_slab":320,"minecraft:item_frame":11,"minecraft:wooden_shovel":3,"exdeorum:oak_barrel":1,"minecraft:cooked_porkchop":0,"minecraft:crafting_table":3,"pickletweaks:flint_shears":5,"minecraft:gravel":1,"exdeorum:compressed_stone_hammer":1,"minecraft:stone_axe":20,"mcwbridges:oak_log_bridge_middle":7,"minecraft:diorite":46,"minecraft:bread":10,"minecraft:air":5536,"exdeorum:crook":1,"exdeorum:oak_crucible":1,"minecraft:oak_fence_gate":8,"minecraft:string":13,"minecraft:white_wool":1,"minecraft:cobblestone":51,"minecraft:charcoal":10,"exdeorum:flint_mesh":1,"minecraft:stick":68,"minecraft:stone_slab":3,"minecraft:iron_ingot":2,"minecraft:blackstone":8,"minecraft:oak_stairs":14,"minecraft:stone_sword":1,"minecraft:iron_ore":2,"exdeorum:oak_sieve":1,"minecraft:white_bed":1,"minecraft:andesite":23,"minecraft:torch":6,"minecraft:shears":1,"minecraft:clay":4},"minecraft:custom":{"minecraft:mob_kills":28,"minecraft:animals_bred":17,"minecraft:interact_with_crafting_table":138,"minecraft:open_barrel":94,"minecraft:interact_with_campfire":18,"minecraft:damage_dealt_resisted":0,"minecraft:leave_game":15,"minecraft:time_since_death":834440,"minecraft:climb_one_cm":1214,"minecraft:sprint_one_cm":1902818,"minecraft:walk_one_cm":1717705,"minecraft:drop":45,"minecraft:talked_to_villager":14,"minecraft:play_time":1174872,"minecraft:deaths":1,"minecraft:sneak_time":58350,"minecraft:jump":1082,"minecraft:walk_on_water_one_cm":69,"minecraft:total_world_time":1174872,"minecraft:interact_with_furnace":148,"minecraft:sleep_in_bed":21,"minecraft:time_since_rest":68043,"minecraft:damage_taken":5921,"minecraft:damage_dealt":4031,"minecraft:fly_one_cm":294202,"minecraft:open_chest":1072,"minecraft:crouch_one_cm":190153,"tombstone:undead_killed":1,"tombstone:villager_killed":1,"minecraft:fall_one_cm":368824},"minecraft:dropped":{"minecraft:clay":3,"minecraft:oak_slab":1,"minecraft:oak_log":15,"minecraft:diamond":22,"exdeorum:copper_ore_chunk":1,"pickletweaks:flint_shears":3,"exdeorum:golden_mesh":6,"exdeorum:porcelain_crucible":1,"minecraft:stick":43,"minecraft:flint":2,"exdeorum:oak_crucible":1,"minecraft:wooden_axe":1,"minecraft:oak_stairs":2,"exdeorum:stone_pebble":6,"minecraft:gravel":27,"mekanism:metallurgic_infuser":1,"minecraft:stone_axe":2,"croptopia:toast":14,"minecraft:raw_iron":1,"minecraft:oak_planks":29,"supplementaries:ash":1,"minecraft:stone":2,"minecraft:wooden_shovel":1,"minecraft:oak_sapling":27,"exdeorum:diorite_pebble":1,"rftoolspower:coalgenerator":1,"minecraft:egg":1},"minecraft:mined":{"minecraft:oak_sapling":127,"minecraft:farmland":6,"mcwbridges:oak_log_bridge_stair":3,"minecraft:oak_trapdoor":5,"minecraft:iron_ore":2,"minecraft:barrel":2,"supplementaries:stick":7,"minecraft:oak_stairs":1,"exdeorum:oak_sieve":1,"minecraft:stone":12,"alltheores:nickel_ore":1,"minecraft:oak_slab":87,"minecraft:stone_brick_slab":48,"minecraft:oak_fence":21,"minecraft:crafting_table":9,"minecraft:torch":74,"minecraft:poppy":2,"minecraft:chest":21,"minecraft:stone_slab":26,"minecraft:cobblestone":2,"minecraft:oak_planks":2,"mcwfences:sandstone_grass_topped_wall":75,"mcwbridges:oak_log_bridge_middle":32,"minecraft:wall_torch":29,"minecraft:pink_petals":3,"minecraft:wheat":2,"minecraft:grass":2,"minecraft:oak_log":126,"minecraft:oak_fence_gate":1,"minecraft:sand":1,"minecraft:dirt":364,"minecraft:stone_bricks":10,"minecraft:oak_leaves":605},"minecraft:killed":{"minecraft:spider":2,"minecraft:chicken":5,"minecraft:pig":3,"minecraft:wandering_trader":1,"minecraft:sheep":2,"minecraft:trader_llama":8,"minecraft:zombie":1,"minecraft:cow":5},"minecraft:used":{"minecraft:oak_fence":160,"minecraft:oak_trapdoor":5,"minecraft:stone_sword":20,"minecraft:poppy":1,"minecraft:chest":183,"minecraft:stone":13,"minecraft:iron_sword":1,"minecraft:creeper_head":1,"minecraft:wooden_shovel":73,"minecraft:stick":11,"minecraft:torch":189,"minecraft:dirt":483,"mcwfences:sandstone_grass_topped_wall":75,"minecraft:carrot":15,"minecraft:oak_fence_gate":9,"minecraft:wooden_axe":122,"minecraft:stone_brick_slab":513,"supplementaries:pedestal":1,"mcwbridges:oak_log_bridge_middle":32,"minecraft:oak_stairs":56,"minecraft:barrel":2,"minecraft:stone_bricks":10,"minecraft:item_frame":26,"ironfurnaces:iron_furnace":1,"exdeorum:stone_hammer":1,"minecraft:furnace":1,"minecraft:oak_sapling":437,"minecraft:cooked_beef":32,"tombstone:gift":1,"minecraft:egg":18,"minecraft:potato":10,"exdeorum:oak_sieve":2,"minecraft:wheat_seeds":3,"minecraft:iron_ore":2,"minecraft:lead":1,"minecraft:stone_pickaxe":179,"minecraft:oak_planks":2,"minecraft:oak_leaves":128,"minecraft:sand":2,"minecraft:oak_slab":1445,"minecraft:crafting_table":11,"minecraft:white_bed":1,"exdeorum:dust":7,"minecraft:oak_log":688,"minecraft:wooden_hoe":237,"exdeorum:oak_barrel":1,"minecraft:apple":11,"minecraft:stone_slab":26,"mcwbridges:oak_log_bridge_stair":3,"minecraft:stone_axe":443,"minecraft:pink_petals":5,"croptopia:toast":10,"minecraft:wooden_sword":7,"minecraft:cobblestone":2}},"DataVersion":3465}