{"stats":{"minecraft:picked_up":{"croptopia:toast":13,"exdeorum:gold_ore_chunk":4,"minecraft:crafting_table":7,"minecraft:wheat":56,"exdeorum:dust":5,"minecraft:chicken":1,"minecraft:creeper_head":1,"minecraft:lead":26,"minecraft:stone_slab":4,"minecraft:oak_stairs":2,"exdeorum:iron_ore_chunk":11,"exdeorum:blackstone_pebble":10,"minecraft:string":3,"minecraft:oak_trapdoor":17,"exdeorum:granite_pebble":12,"exdeorum:string_mesh":1,"minecraft:item_frame":15,"exdeorum:golden_mesh":6,"mysticalagriculture:inferium_essence":3,"mcwbridges:oak_log_bridge_middle":22,"minecraft:cobblestone_slab":126,"exdeorum:zinc_ore_chunk":1,"minecraft:poppy":1,"mcwbridges:oak_log_bridge_stair":3,"minecraft:chest":20,"minecraft:egg":19,"minecraft:stick":415,"minecraft:raw_iron":3,"minecraft:stone":5,"exdeorum:porcelain_crucible":1,"minecraft:oak_fence":20,"minecraft:torch":276,"supplementaries:pedestal":1,"minecraft:pointed_dripstone":4,"minecraft:carrot":10,"mcwfences:sandstone_grass_topped_wall":69,"mekanismtools:steel_chestplate":1,"minecraft:cactus":2,"minecraft:rotten_flesh":1,"exdeorum:diorite_pebble":14,"exdeorum:tin_ore_chunk":3,"exdeorum:andesite_pebble":10,"supplementaries:ash":1,"minecraft:white_wool":2,"minecraft:cobblestone":150,"exdeorum:crook":1,"exdeorum:osmium_ore_chunk":1,"minecraft:pink_petals":5,"exdeorum:basalt_pebble":12,"minecraft:andesite":1,"rftoolspower:coalgenerator":1,"minecraft:leather":5,"enderio:grains_of_infinity":2,"minecraft:potato":6,"minecraft:ice":2,"minecraft:flint":32,"minecraft:oak_log":1910,"ironfurnaces:upgrade_iron":1,"botania:flower_bag":1,"minecraft:gunpowder":1,"minecraft:lapis_lazuli":8,"exdeorum:nickel_ore_chunk":3,"minecraft:dirt":781,"pickletweaks:flint_shears":1,"immersiveengineering:hemp_fiber":41,"minecraft:bone":2,"minecraft:apple":54,"minecraft:stone_bricks":7,"minecraft:wheat_seeds":108,"exdeorum:oak_sieve":1,"exdeorum:stone_pebble":86,"minecraft:oak_fence_gate":1,"minecraft:glowstone_dust":3,"minecraft:iron_sword":1,"minecraft:oak_planks":37,"ironfurnaces:iron_furnace":2,"minecraft:oak_slab":74,"mekanism:metallurgic_infuser":1,"exdeorum:deepslate_pebble":15,"exdeorum:lead_ore_chunk":5,"xycraft_world:xychorium_gem_red":2,"minecraft:stone_brick_slab":31,"minecraft:gravel":28,"minecraft:lava_bucket":1,"minecraft:sand":15,"exdeorum:silver_ore_chunk":7,"exdeorum:wooden_watering_can":1,"minecraft:barrel":2,"minecraft:clay":1,"exdeorum:aluminum_ore_chunk":1,"minecraft:diamond":22,"minecraft:bone_meal":2,"exdeorum:copper_ore_chunk":5,"minecraft:bread":4,"minecraft:oak_sapling":712,"botania:gray_petal":3,"minecraft:coal":2,"minecraft:oak_leaves":245,"alltheores:copper_ore_hammer":1},"minecraft:dropped":{"minecraft:clay":3,"minecraft:oak_slab":1,"minecraft:oak_log":15,"minecraft:diamond":22,"exdeorum:copper_ore_chunk":1,"pickletweaks:flint_shears":3,"exdeorum:golden_mesh":6,"exdeorum:porcelain_crucible":1,"minecraft:stick":43,"minecraft:flint":2,"exdeorum:oak_crucible":1,"minecraft:wooden_axe":1,"minecraft:oak_stairs":2,"exdeorum:stone_pebble":6,"minecraft:gravel":27,"mekanism:metallurgic_infuser":1,"minecraft:stone_axe":2,"minecraft:raw_iron":1,"minecraft:oak_planks":29,"supplementaries:ash":1,"minecraft:stone":2,"minecraft:oak_sapling":27,"minecraft:wooden_shovel":1,"exdeorum:diorite_pebble":1,"rftoolspower:coalgenerator":1,"minecraft:egg":1},"minecraft:used":{"minecraft:oak_fence":160,"minecraft:oak_trapdoor":5,"minecraft:stone_sword":20,"minecraft:poppy":1,"minecraft:chest":183,"minecraft:stone":13,"minecraft:iron_sword":1,"minecraft:creeper_head":1,"minecraft:wooden_shovel":73,"minecraft:stick":11,"minecraft:torch":185,"minecraft:dirt":474,"mcwfences:sandstone_grass_topped_wall":68,"minecraft:carrot":15,"minecraft:oak_fence_gate":9,"minecraft:wooden_axe":113,"minecraft:stone_brick_slab":496,"supplementaries:pedestal":1,"mcwbridges:oak_log_bridge_middle":32,"minecraft:oak_stairs":56,"minecraft:barrel":2,"minecraft:stone_bricks":10,"minecraft:item_frame":26,"exdeorum:stone_hammer":1,"minecraft:furnace":1,"minecraft:oak_sapling":427,"minecraft:cooked_beef":32,"tombstone:gift":1,"minecraft:egg":13,"minecraft:potato":8,"exdeorum:oak_sieve":2,"minecraft:iron_ore":2,"minecraft:lead":1,"minecraft:stone_pickaxe":173,"minecraft:oak_planks":2,"minecraft:oak_leaves":128,"minecraft:sand":2,"minecraft:oak_slab":1379,"minecraft:crafting_table":8,"minecraft:white_bed":1,"exdeorum:dust":7,"minecraft:oak_log":688,"minecraft:wooden_hoe":237,"exdeorum:oak_barrel":1,"minecraft:apple":11,"minecraft:stone_slab":26,"mcwbridges:oak_log_bridge_stair":3,"minecraft:stone_axe":399,"minecraft:pink_petals":5,"croptopia:toast":5,"minecraft:wooden_sword":7,"minecraft:cobblestone":2},"minecraft:killed":{"minecraft:spider":2,"minecraft:chicken":1,"minecraft:wandering_trader":1,"minecraft:trader_llama":2,"minecraft:zombie":1},"minecraft:mined":{"minecraft:oak_sapling":127,"minecraft:farmland":6,"mcwbridges:oak_log_bridge_stair":3,"minecraft:oak_trapdoor":5,"minecraft:iron_ore":2,"minecraft:barrel":2,"supplementaries:stick":7,"minecraft:oak_stairs":1,"exdeorum:oak_sieve":1,"minecraft:stone":12,"alltheores:nickel_ore":1,"minecraft:oak_slab":86,"minecraft:stone_brick_slab":48,"minecraft:oak_fence":21,"minecraft:crafting_table":7,"minecraft:torch":71,"minecraft:poppy":1,"minecraft:chest":21,"minecraft:stone_slab":26,"minecraft:cobblestone":2,"minecraft:oak_planks":2,"mcwfences:sandstone_grass_topped_wall":69,"mcwbridges:oak_log_bridge_middle":32,"minecraft:wall_torch":28,"minecraft:pink_petals":3,"minecraft:wheat":2,"minecraft:grass":2,"minecraft:oak_log":121,"minecraft:oak_fence_gate":1,"minecraft:sand":1,"minecraft:dirt":346,"minecraft:stone_bricks":10,"minecraft:oak_leaves":604},"minecraft:crafted":{"minecraft:oak_planks":696,"minecraft:cobblestone_slab":21,"minecraft:cobbled_deepslate":16,"minecraft:sand":1,"minecraft:furnace":1,"minecraft:stone_button":2,"mcwbridges:oak_log_bridge_stair":6,"minecraft:stone":193,"allthecompressed:cobblestone_1x":1,"minecraft:oak_trapdoor":12,"allthecompressed:gravel_1x":1,"minecraft:granite":8,"minecraft:basalt":16,"minecraft:glass":3,"minecraft:stone_brick_slab":84,"exdeorum:string_mesh":1,"minecraft:stone_pickaxe":2,"minecraft:chest":164,"minecraft:oak_fence":99,"minecraft:stone_bricks":63,"exdeorum:stone_hammer":9,"exdeorum:stone_barrel":1,"minecraft:oak_slab":309,"minecraft:item_frame":11,"minecraft:wooden_shovel":3,"exdeorum:oak_barrel":1,"minecraft:crafting_table":2,"pickletweaks:flint_shears":5,"minecraft:gravel":1,"exdeorum:compressed_stone_hammer":1,"minecraft:stone_axe":20,"mcwbridges:oak_log_bridge_middle":7,"minecraft:diorite":26,"minecraft:air":5285,"exdeorum:crook":1,"exdeorum:oak_crucible":1,"minecraft:oak_fence_gate":8,"minecraft:string":13,"minecraft:white_wool":1,"minecraft:cobblestone":36,"minecraft:charcoal":10,"exdeorum:flint_mesh":1,"minecraft:stick":68,"minecraft:stone_slab":3,"minecraft:iron_ingot":2,"minecraft:oak_stairs":14,"minecraft:stone_sword":1,"minecraft:iron_ore":2,"exdeorum:oak_sieve":1,"minecraft:white_bed":1,"minecraft:torch":6,"minecraft:shears":1,"minecraft:clay":4},"minecraft:custom":{"minecraft:mob_kills":8,"minecraft:animals_bred":8,"minecraft:interact_with_crafting_table":134,"minecraft:open_barrel":82,"minecraft:interact_with_campfire":4,"minecraft:damage_dealt_resisted":0,"minecraft:leave_game":12,"minecraft:time_since_death":735799,"minecraft:climb_one_cm":6,"minecraft:sprint_one_cm":1760689,"minecraft:walk_one_cm":1601514,"minecraft:drop":43,"minecraft:talked_to_villager":8,"minecraft:play_time":1076231,"minecraft:deaths":1,"minecraft:sneak_time":55375,"minecraft:jump":995,"minecraft:walk_on_water_one_cm":69,"minecraft:total_world_time":1076231,"minecraft:interact_with_furnace":137,"minecraft:sleep_in_bed":20,"minecraft:time_since_rest":87919,"minecraft:damage_taken":5811,"minecraft:damage_dealt":1743,"minecraft:fly_one_cm":271067,"minecraft:open_chest":994,"minecraft:crouch_one_cm":180529,"tombstone:undead_killed":1,"tombstone:villager_killed":1,"minecraft:fall_one_cm":368824},"minecraft:broken":{"minecraft:stone_axe":7}},"DataVersion":3465}