{"stats":{"minecraft:dropped":{"rocks:cobblestone_splitter":1},"minecraft:custom":{"minecraft:time_since_rest":178,"minecraft:sprint_one_cm":95424,"minecraft:walk_one_cm":92125,"minecraft:drop":1,"minecraft:damage_dealt":10,"minecraft:interact_with_crafting_table":2,"minecraft:fly_one_cm":20467,"minecraft:open_chest":1,"minecraft:crouch_one_cm":905,"minecraft:play_time":33370,"minecraft:sneak_time":450,"minecraft:walk_under_water_one_cm":1113,"minecraft:jump":125,"minecraft:interact_with_blast_furnace":1,"minecraft:leave_game":1,"minecraft:walk_on_water_one_cm":2197,"minecraft:time_since_death":33370,"minecraft:sleep_in_bed":3,"minecraft:total_world_time":33370,"minecraft:fall_one_cm":2208},"minecraft:crafted":{"minecraft:stick":4,"minecraft:wooden_pickaxe":1,"minecraft:wooden_axe":1,"mctb:birch_crafting_table":1,"minecraft:birch_planks":20,"minecraft:bread":19,"minecraft:wheat":54},"minecraft:used":{"minecraft:wooden_axe":3,"minecraft:bread":1,"minecraft:oak_stairs":1,"minecraft:wooden_pickaxe":7,"twigs:tangerine_seashell":2,"twigs:twig":1,"minecraft:stick":1,"minecraft:torch":2,"minecraft:dirt":14,"croptopia:peach":1,"supplementaries:ash":1,"mctb:birch_crafting_table":2,"twigs:pebble":1,"croptopia:orange":14},"minecraft:mined":{"minecraft:hay_block":6,"twigs:pebble":2,"minecraft:birch_log":5,"twigs:tangerine_seashell":2,"rocks:oak_stick":2,"minecraft:birch_leaves":1,"minecraft:coal_ore":2,"minecraft:grass":3,"minecraft:grass_block":10,"supplementaries:stick":1,"rocks:birch_stick":2,"minecraft:oak_stairs":1,"minecraft:dirt":4,"mctb:birch_crafting_table":2,"twigs:twig":1,"minecraft:stone":5,"rocks:rock":1,"minecraft:wall_torch":2},"minecraft:picked_up":{"minecraft:birch_log":5,"minecraft:stick":4,"minecraft:wheat":3,"croptopia:peach":1,"croptopia:sweetpotato_seed":1,"minecraft:torch":2,"minecraft:potato":12,"mctb:birch_crafting_table":2,"minecraft:oak_stairs":1,"minecraft:carrot":4,"minecraft:shield":1,"minecraft:dirt":14,"minecraft:arrow":1,"minecraft:rotten_flesh":1,"croptopia:sweetpotato":1,"minecraft:wheat_seeds":6,"minecraft:hay_block":6,"twigs:pebble":1,"croptopia:orange":14,"supplementaries:ash":1,"minecraft:coal":2,"twigs:twig":1,"twigs:tangerine_seashell":2,"minecraft:iron_sword":1,"rocks:cobblestone_splitter":1,"minecraft:cobblestone":5}},"DataVersion":3465}