{"stats":{"minecraft:dropped":{"minecraft:clay":3,"minecraft:oak_log":15,"minecraft:diamond":22,"pickletweaks:flint_shears":3,"exdeorum:copper_ore_chunk":1,"exdeorum:golden_mesh":6,"minecraft:flint":2,"exdeorum:oak_crucible":1,"minecraft:gravel":27,"minecraft:stone_axe":2,"croptopia:toast":14,"minecraft:oak_planks":29,"supplementaries:ash":1,"minecraft:egg":1,"minecraft:oak_slab":1,"exdeorum:porcelain_crucible":1,"minecraft:stick":43,"minecraft:wooden_axe":1,"minecraft:oak_stairs":2,"exdeorum:stone_pebble":6,"mekanism:metallurgic_infuser":1,"minecraft:raw_iron":1,"minecraft:stone":2,"minecraft:oak_sapling":27,"minecraft:wooden_shovel":1,"exdeorum:diorite_pebble":1,"rftoolspower:coalgenerator":1,"exdeorum:stone_hammer":1},"minecraft:custom":{"minecraft:animals_bred":17,"minecraft:interact_with_crafting_table":190,"minecraft:open_barrel":94,"minecraft:leave_game":24,"minecraft:time_since_death":295050,"minecraft:sprint_one_cm":2010243,"minecraft:drop":46,"minecraft:talked_to_villager":20,"minecraft:play_time":1530732,"minecraft:deaths":2,"minecraft:jump":1152,"minecraft:walk_on_water_one_cm":69,"minecraft:interact_with_furnace":178,"minecraft:sleep_in_bed":33,"minecraft:damage_dealt":5133,"minecraft:crouch_one_cm":225379,"tombstone:undead_killed":1,"tombstone:villager_killed":2,"minecraft:mob_kills":31,"minecraft:interact_with_campfire":18,"minecraft:damage_dealt_resisted":0,"minecraft:climb_one_cm":1214,"minecraft:walk_one_cm":1985045,"minecraft:sneak_time":79728,"minecraft:total_world_time":1530732,"minecraft:time_since_rest":9979,"minecraft:damage_taken":6686,"minecraft:fly_one_cm":304976,"minecraft:open_chest":1414,"minecraft:fall_one_cm":1442572},"minecraft:killed":{"minecraft:spider":2,"minecraft:chicken":5,"minecraft:pig":3,"minecraft:sheep":2,"minecraft:trader_llama":10,"minecraft:zombie":1,"minecraft:cow":5,"minecraft:wandering_trader":2},"minecraft:used":{"minecraft:poppy":1,"minecraft:chest":188,"minecraft:stone":13,"minecraft:iron_sword":1,"minecraft:creeper_head":1,"allthecompressed:cobblestone_1x":23,"minecraft:carrot":15,"minecraft:tuff":1,"minecraft:stone_bricks":10,"minecraft:item_frame":26,"ironfurnaces:iron_furnace":1,"minecraft:furnace":2,"minecraft:oak_sapling":451,"minecraft:egg":18,"minecraft:potato":10,"minecraft:diorite":50,"minecraft:stone_pickaxe":189,"minecraft:oak_planks":16,"minecraft:blackstone":1,"minecraft:oak_leaves":128,"minecraft:sand":11,"exdeorum:oak_barrel":1,"allthecompressed:granite_1x":1,"minecraft:string":2,"minecraft:gravel":233,"croptopia:toast":10,"minecraft:wooden_sword":16,"exdeorum:oak_crucible":1,"minecraft:andesite":42,"exdeorum:compressed_stone_hammer":28,"minecraft:coarse_dirt":57,"minecraft:oak_trapdoor":5,"minecraft:oak_fence":160,"minecraft:stone_sword":20,"minecraft:stone_shovel":94,"minecraft:redstone":1,"exdeorum:crook":152,"minecraft:wooden_shovel":73,"minecraft:stick":11,"minecraft:torch":206,"minecraft:dirt":510,"mcwfences:sandstone_grass_topped_wall":75,"exdeorum:silk_worm":1,"minecraft:granite":49,"minecraft:oak_fence_gate":9,"minecraft:stone_brick_slab":513,"supplementaries:pedestal":1,"minecraft:wooden_axe":180,"mcwbridges:oak_log_bridge_middle":32,"minecraft:oak_stairs":56,"exdeorum:crushed_deepslate":5,"minecraft:barrel":2,"allthecompressed:diorite_1x":1,"minecraft:basalt":2,"exdeorum:stone_hammer":180,"tombstone:gift":7,"minecraft:cooked_beef":37,"minecraft:cobbled_deepslate":4,"exdeorum:oak_sieve":9,"minecraft:calcite":1,"minecraft:wheat_seeds":3,"minecraft:iron_ore":3,"minecraft:lead":1,"allthecompressed:andesite_1x":1,"minecraft:cobblestone_slab":228,"minecraft:oak_slab":1592,"minecraft:crafting_table":15,"exdeorum:crushed_blackstone":1,"minecraft:white_bed":3,"minecraft:oak_log":688,"exdeorum:dust":76,"minecraft:wooden_hoe":297,"minecraft:apple":11,"allthecompressed:sand_1x":1,"allthecompressed:gravel_1x":1,"minecraft:stone_slab":26,"mcwbridges:oak_log_bridge_stair":3,"minecraft:stone_axe":443,"minecraft:pink_petals":5,"minecraft:cobblestone":11},"minecraft:mined":{"exdeorum:crushed_deepslate":1,"minecraft:white_bed":1,"minecraft:oak_sapling":127,"minecraft:farmland":9,"mcwbridges:oak_log_bridge_stair":3,"minecraft:granite":49,"allthecompressed:sand_1x":1,"minecraft:cobbled_deepslate":4,"minecraft:iron_ore":3,"minecraft:barrel":2,"supplementaries:stick":7,"minecraft:oak_stairs":1,"exdeorum:oak_sieve":6,"alltheores:nickel_ore":1,"minecraft:tripwire":2,"minecraft:blackstone":1,"minecraft:torch":82,"minecraft:poppy":2,"minecraft:chest":21,"minecraft:cobblestone":11,"minecraft:oak_planks":16,"minecraft:wall_torch":30,"minecraft:pink_petals":3,"minecraft:wheat":2,"exdeorum:dust":21,"minecraft:grass":2,"allthecompressed:granite_1x":1,"minecraft:oak_log":136,"minecraft:oak_fence_gate":1,"minecraft:sand":2,"minecraft:dirt":436,"allthecompressed:cobblestone_1x":23,"minecraft:oak_leaves":696,"minecraft:tuff":1,"minecraft:redstone_wire":1,"minecraft:oak_trapdoor":5,"allthecompressed:diorite_1x":1,"minecraft:andesite":42,"minecraft:cobblestone_slab":7,"allthecompressed:andesite_1x":1,"minecraft:stone":12,"minecraft:oak_slab":89,"exdeorum:infested_leaves":91,"minecraft:basalt":1,"minecraft:stone_brick_slab":48,"minecraft:oak_fence":21,"minecraft:crafting_table":12,"allthecompressed:gravel_1x":1,"minecraft:stone_slab":26,"mcwfences:sandstone_grass_topped_wall":75,"mcwbridges:oak_log_bridge_middle":32,"minecraft:diorite":50,"minecraft:coarse_dirt":1,"minecraft:gravel":37,"minecraft:stone_bricks":10},"minecraft:picked_up":{"minecraft:wheat":84,"exdeorum:dust":36,"minecraft:creeper_head":1,"minecraft:stone_slab":4,"minecraft:lead":34,"minecraft:oak_stairs":2,"exdeorum:iron_ore_chunk":35,"silentgear:sinew":2,"exdeorum:grass_seeds":2,"minecraft:string":43,"mysticalagriculture:inferium_essence":8,"mcwbridges:oak_log_bridge_middle":22,"minecraft:cobblestone_slab":132,"mcwbridges:oak_log_bridge_stair":3,"xycraft_world:xychorium_gem_green":5,"minecraft:stick":450,"minecraft:oak_fence":20,"minecraft:torch":288,"minecraft:porkchop":6,"minecraft:pointed_dripstone":27,"minecraft:cactus":2,"minecraft:rotten_flesh":1,"exdeorum:tin_ore_chunk":20,"supplementaries:ash":1,"minecraft:blaze_powder":2,"minecraft:cobblestone":150,"exdeorum:crook":1,"exdeorum:osmium_ore_chunk":8,"minecraft:pink_petals":5,"exdeorum:basalt_pebble":281,"minecraft:feather":6,"minecraft:andesite":1,"enderio:grains_of_infinity":6,"minecraft:potato":12,"minecraft:flint":83,"minecraft:tuff":1,"minecraft:lapis_lazuli":21,"minecraft:dirt":883,"exdeorum:nickel_ore_chunk":16,"immersiveengineering:hemp_fiber":41,"minecraft:bone":2,"minecraft:wheat_seeds":159,"minecraft:glowstone_dust":4,"ironfurnaces:iron_furnace":2,"minecraft:oak_planks":51,"exdeorum:crushed_blackstone":1,"mekanism:metallurgic_infuser":1,"xycraft_world:xychorium_gem_red":5,"exdeorum:flint_mesh":2,"minecraft:sand":25,"minecraft:dead_bush":1,"exdeorum:wooden_watering_can":1,"minecraft:barrel":2,"xycraft_world:xychorium_gem_dark":4,"xycraft_world:xychorium_gem_light":1,"minecraft:clay":1,"minecraft:diamond":22,"minecraft:bone_meal":7,"exdeorum:copper_ore_chunk":26,"minecraft:bread":4,"minecraft:oak_sapling":765,"botania:gray_petal":3,"minecraft:oak_leaves":268,"croptopia:toast":34,"exdeorum:gold_ore_chunk":9,"minecraft:coarse_dirt":1,"minecraft:crafting_table":12,"minecraft:chicken":5,"exdeorum:blackstone_pebble":256,"minecraft:oak_trapdoor":17,"exdeorum:string_mesh":4,"exdeorum:granite_pebble":279,"minecraft:item_frame":15,"exdeorum:golden_mesh":6,"minecraft:beef":9,"exdeorum:zinc_ore_chunk":8,"minecraft:iron_nugget":1,"minecraft:poppy":2,"minecraft:sugar_cane":1,"minecraft:chest":20,"minecraft:egg":24,"minecraft:raw_iron":4,"minecraft:stone":5,"exdeorum:porcelain_crucible":1,"supplementaries:pedestal":1,"exdeorum:tuff_pebble":9,"mekanismtools:steel_chestplate":1,"minecraft:carrot":23,"mcwfences:sandstone_grass_topped_wall":75,"minecraft:redstone":2,"exdeorum:silk_worm":2,"xycraft_world:xychorium_gem_blue":2,"ae2:certus_quartz_dust":3,"exdeorum:diorite_pebble":293,"exdeorum:andesite_pebble":256,"minecraft:mutton":3,"exdeorum:crushed_deepslate":5,"minecraft:white_wool":4,"minecraft:basalt":1,"rftoolspower:coalgenerator":1,"minecraft:leather":15,"minecraft:ice":2,"minecraft:oak_log":2014,"minecraft:gunpowder":8,"botania:flower_bag":1,"ironfurnaces:upgrade_iron":1,"pickletweaks:flint_shears":1,"ae2:sky_dust":1,"minecraft:apple":60,"minecraft:stone_bricks":7,"exdeorum:oak_sieve":6,"exdeorum:stone_pebble":1570,"minecraft:oak_fence_gate":1,"minecraft:iron_sword":1,"minecraft:oak_slab":76,"exdeorum:deepslate_pebble":285,"exdeorum:lead_ore_chunk":16,"minecraft:sweet_berries":1,"minecraft:stone_brick_slab":31,"minecraft:gravel":443,"minecraft:lava_bucket":1,"minecraft:amethyst_shard":3,"minecraft:white_bed":1,"exdeorum:silver_ore_chunk":14,"minecraft:pumpkin_seeds":3,"exdeorum:aluminum_ore_chunk":8,"exdeorum:calcite_pebble":8,"minecraft:melon_seeds":1,"minecraft:coal":29,"alltheores:copper_ore_hammer":1},"minecraft:crafted":{"minecraft:oak_planks":763,"minecraft:cobblestone_slab":58,"minecraft:cooked_chicken":0,"alltheores:lead_ingot":2,"minecraft:sand":1,"alltheores:silver_ore":1,"mcwbridges:oak_log_bridge_stair":6,"minecraft:stone":193,"minecraft:cooked_mutton":0,"alltheores:osmium_ore":1,"minecraft:granite":107,"alltheores:tin_ingot":4,"minecraft:glass":3,"minecraft:stone_brick_slab":84,"alltheores:silver_ingot":1,"alltheores:aluminum_ore":1,"alltheores:zinc_ingot":1,"alltheores:nickel_ore":3,"minecraft:chest":168,"exdeorum:stone_hammer":20,"minecraft:stone_bricks":63,"minecraft:oak_fence":99,"silentgear:dried_sinew":0,"minecraft:item_frame":11,"minecraft:oak_slab":346,"minecraft:wooden_shovel":3,"minecraft:cooked_porkchop":0,"exdeorum:oak_barrel":1,"minecraft:crafting_table":4,"minecraft:gold_ore":1,"minecraft:gravel":1,"minecraft:copper_ingot":5,"mcwbridges:oak_log_bridge_middle":7,"minecraft:diorite":113,"alltheores:lead_ore":2,"exdeorum:oak_crucible":2,"minecraft:string":13,"minecraft:charcoal":10,"exdeorum:flint_mesh":3,"minecraft:stick":80,"minecraft:stone_slab":3,"minecraft:iron_ingot":10,"minecraft:stone_sword":1,"minecraft:iron_ore":8,"minecraft:gold_ingot":1,"exdeorum:oak_sieve":3,"minecraft:shears":1,"minecraft:coarse_dirt":78,"minecraft:stone_shovel":2,"alltheores:aluminum_ingot":1,"minecraft:cobbled_deepslate":99,"minecraft:furnace":2,"minecraft:stone_button":2,"allthecompressed:cobblestone_1x":26,"minecraft:oak_trapdoor":12,"allthecompressed:gravel_1x":1,"minecraft:basalt":93,"alltheores:tin_ore":4,"exdeorum:string_mesh":3,"allthecompressed:andesite_1x":1,"minecraft:stone_pickaxe":3,"allthecompressed:diorite_1x":1,"exdeorum:iron_mesh":2,"minecraft:cooked_beef":0,"minecraft:tuff":2,"exdeorum:stone_barrel":1,"allthecompressed:granite_1x":1,"alltheores:osmium_ingot":1,"alltheores:zinc_ore":1,"alltheores:nickel_ingot":3,"minecraft:calcite":2,"pickletweaks:flint_shears":6,"minecraft:copper_ore":5,"exdeorum:compressed_stone_hammer":2,"minecraft:stone_axe":21,"minecraft:bread":10,"minecraft:air":6918,"exdeorum:crook":3,"minecraft:oak_fence_gate":8,"minecraft:white_wool":4,"minecraft:cobblestone":415,"minecraft:blackstone":67,"minecraft:oak_stairs":14,"minecraft:white_bed":2,"minecraft:andesite":82,"minecraft:torch":6,"minecraft:clay":4},"minecraft:broken":{"minecraft:stone_axe":7,"exdeorum:crook":1}},"DataVersion":3465}