{"stats":{"minecraft:dropped":{"rocks:cobblestone_splitter":1},"minecraft:custom":{"minecraft:time_since_rest":10669,"minecraft:sprint_one_cm":57702,"minecraft:walk_one_cm":44486,"minecraft:drop":1,"minecraft:interact_with_crafting_table":1,"minecraft:fly_one_cm":11833,"minecraft:play_time":16720,"minecraft:sneak_time":14,"minecraft:jump":59,"minecraft:interact_with_blast_furnace":1,"minecraft:time_since_death":16720,"minecraft:sleep_in_bed":1,"minecraft:total_world_time":16720,"minecraft:fall_one_cm":1045},"minecraft:crafted":{"minecraft:stick":4,"minecraft:wooden_pickaxe":1,"minecraft:wooden_axe":1,"mctb:birch_crafting_table":1,"minecraft:birch_planks":20},"minecraft:used":{"minecraft:wooden_axe":1,"twigs:tangerine_seashell":2,"twigs:twig":1,"minecraft:stick":1,"minecraft:torch":2,"croptopia:peach":1,"supplementaries:ash":1,"mctb:birch_crafting_table":1,"twigs:pebble":1,"croptopia:orange":12},"minecraft:mined":{"twigs:pebble":2,"minecraft:birch_log":5,"twigs:tangerine_seashell":2,"rocks:oak_stick":2,"minecraft:birch_leaves":1,"minecraft:grass":1,"supplementaries:stick":1,"rocks:birch_stick":2,"mctb:birch_crafting_table":1,"twigs:twig":1,"rocks:rock":1,"minecraft:wall_torch":2},"minecraft:picked_up":{"minecraft:birch_log":5,"minecraft:stick":4,"croptopia:peach":1,"minecraft:torch":2,"mctb:birch_crafting_table":1,"minecraft:shield":1,"minecraft:arrow":1,"minecraft:rotten_flesh":1,"twigs:pebble":1,"croptopia:orange":14,"supplementaries:ash":1,"twigs:twig":1,"twigs:tangerine_seashell":2,"minecraft:iron_sword":1,"rocks:cobblestone_splitter":1}},"DataVersion":3465}