{"stats":{"minecraft:dropped":{"minecraft:clay":3,"minecraft:oak_slab":1,"minecraft:oak_log":15,"minecraft:diamond":22,"exdeorum:copper_ore_chunk":1,"pickletweaks:flint_shears":3,"exdeorum:golden_mesh":6,"exdeorum:porcelain_crucible":1,"minecraft:stick":43,"minecraft:flint":2,"exdeorum:oak_crucible":1,"minecraft:wooden_axe":1,"minecraft:oak_stairs":2,"exdeorum:stone_pebble":6,"minecraft:gravel":27,"mekanism:metallurgic_infuser":1,"minecraft:stone_axe":2,"croptopia:toast":14,"minecraft:raw_iron":1,"minecraft:oak_planks":29,"supplementaries:ash":1,"minecraft:stone":2,"minecraft:wooden_shovel":1,"minecraft:oak_sapling":27,"exdeorum:diorite_pebble":1,"rftoolspower:coalgenerator":1,"minecraft:egg":1},"minecraft:custom":{"minecraft:mob_kills":29,"minecraft:animals_bred":17,"minecraft:interact_with_crafting_table":171,"minecraft:open_barrel":94,"minecraft:interact_with_campfire":18,"minecraft:damage_dealt_resisted":0,"minecraft:leave_game":21,"minecraft:time_since_death":103920,"minecraft:climb_one_cm":1214,"minecraft:sprint_one_cm":1953932,"minecraft:walk_one_cm":1867484,"minecraft:drop":45,"minecraft:talked_to_villager":15,"minecraft:play_time":1339602,"minecraft:deaths":2,"minecraft:sneak_time":64328,"minecraft:jump":1109,"minecraft:walk_on_water_one_cm":69,"minecraft:total_world_time":1339602,"minecraft:interact_with_furnace":148,"minecraft:sleep_in_bed":21,"minecraft:time_since_rest":103688,"minecraft:damage_taken":6191,"minecraft:damage_dealt":4363,"minecraft:fly_one_cm":298641,"minecraft:open_chest":1258,"minecraft:crouch_one_cm":204918,"tombstone:undead_killed":1,"tombstone:villager_killed":2,"minecraft:fall_one_cm":1442572},"minecraft:killed":{"minecraft:spider":2,"minecraft:chicken":5,"minecraft:pig":3,"minecraft:wandering_trader":2,"minecraft:sheep":2,"minecraft:trader_llama":8,"minecraft:zombie":1,"minecraft:cow":5},"minecraft:used":{"minecraft:oak_fence":160,"minecraft:oak_trapdoor":5,"minecraft:stone_sword":20,"minecraft:stone_shovel":48,"minecraft:redstone":1,"minecraft:poppy":1,"minecraft:chest":188,"exdeorum:crook":152,"minecraft:stone":13,"minecraft:iron_sword":1,"minecraft:creeper_head":1,"minecraft:wooden_shovel":73,"minecraft:stick":11,"minecraft:torch":204,"minecraft:dirt":488,"mcwfences:sandstone_grass_topped_wall":75,"minecraft:carrot":15,"minecraft:tuff":1,"exdeorum:silk_worm":1,"minecraft:granite":8,"minecraft:oak_fence_gate":9,"minecraft:wooden_axe":154,"minecraft:stone_brick_slab":513,"supplementaries:pedestal":1,"mcwbridges:oak_log_bridge_middle":32,"minecraft:oak_stairs":56,"exdeorum:crushed_deepslate":5,"minecraft:barrel":2,"minecraft:stone_bricks":10,"minecraft:item_frame":26,"minecraft:basalt":2,"ironfurnaces:iron_furnace":1,"exdeorum:stone_hammer":52,"minecraft:furnace":1,"minecraft:oak_sapling":451,"minecraft:cooked_beef":33,"tombstone:gift":7,"minecraft:egg":18,"minecraft:potato":10,"minecraft:cobbled_deepslate":4,"minecraft:calcite":1,"exdeorum:oak_sieve":7,"minecraft:wheat_seeds":3,"minecraft:diorite":9,"minecraft:iron_ore":2,"minecraft:lead":1,"minecraft:stone_pickaxe":181,"minecraft:oak_planks":2,"minecraft:blackstone":1,"minecraft:oak_leaves":128,"minecraft:sand":11,"minecraft:oak_slab":1591,"minecraft:crafting_table":15,"exdeorum:crushed_blackstone":1,"minecraft:white_bed":1,"exdeorum:dust":76,"minecraft:oak_log":688,"minecraft:wooden_hoe":269,"exdeorum:oak_barrel":1,"minecraft:apple":11,"minecraft:string":2,"allthecompressed:gravel_1x":1,"allthecompressed:sand_1x":1,"minecraft:stone_slab":26,"minecraft:gravel":36,"mcwbridges:oak_log_bridge_stair":3,"minecraft:stone_axe":443,"minecraft:pink_petals":5,"croptopia:toast":10,"minecraft:wooden_sword":16,"exdeorum:oak_crucible":1,"minecraft:cobblestone":2,"minecraft:andesite":5,"exdeorum:compressed_stone_hammer":2,"minecraft:coarse_dirt":29},"minecraft:mined":{"minecraft:tuff":1,"exdeorum:crushed_deepslate":1,"minecraft:oak_sapling":127,"minecraft:farmland":9,"mcwbridges:oak_log_bridge_stair":3,"minecraft:granite":8,"minecraft:redstone_wire":1,"allthecompressed:sand_1x":1,"minecraft:oak_trapdoor":5,"minecraft:cobbled_deepslate":4,"minecraft:iron_ore":2,"minecraft:barrel":2,"minecraft:andesite":5,"supplementaries:stick":7,"minecraft:oak_stairs":1,"exdeorum:oak_sieve":4,"minecraft:stone":12,"alltheores:nickel_ore":1,"minecraft:tripwire":2,"minecraft:oak_slab":89,"minecraft:blackstone":1,"exdeorum:infested_leaves":91,"minecraft:basalt":1,"minecraft:stone_brick_slab":48,"minecraft:oak_fence":21,"minecraft:crafting_table":12,"minecraft:torch":82,"allthecompressed:gravel_1x":1,"minecraft:poppy":2,"minecraft:chest":21,"minecraft:stone_slab":26,"minecraft:cobblestone":2,"minecraft:oak_planks":2,"mcwfences:sandstone_grass_topped_wall":75,"mcwbridges:oak_log_bridge_middle":32,"minecraft:diorite":9,"minecraft:wall_torch":30,"minecraft:pink_petals":3,"minecraft:coarse_dirt":1,"minecraft:wheat":2,"exdeorum:dust":21,"minecraft:grass":2,"minecraft:oak_log":136,"minecraft:oak_fence_gate":1,"minecraft:gravel":36,"minecraft:sand":2,"minecraft:dirt":390,"minecraft:stone_bricks":10,"minecraft:oak_leaves":696},"minecraft:picked_up":{"croptopia:toast":34,"exdeorum:gold_ore_chunk":4,"minecraft:coarse_dirt":1,"minecraft:crafting_table":12,"minecraft:wheat":84,"exdeorum:dust":36,"minecraft:chicken":5,"minecraft:creeper_head":1,"minecraft:lead":32,"minecraft:stone_slab":4,"minecraft:oak_stairs":2,"exdeorum:iron_ore_chunk":11,"exdeorum:grass_seeds":2,"minecraft:string":43,"exdeorum:blackstone_pebble":68,"silentgear:sinew":2,"minecraft:oak_trapdoor":17,"exdeorum:granite_pebble":52,"exdeorum:string_mesh":4,"minecraft:item_frame":15,"exdeorum:golden_mesh":6,"mysticalagriculture:inferium_essence":8,"mcwbridges:oak_log_bridge_middle":22,"minecraft:beef":9,"exdeorum:zinc_ore_chunk":1,"minecraft:cobblestone_slab":126,"minecraft:iron_nugget":1,"minecraft:poppy":2,"mcwbridges:oak_log_bridge_stair":3,"minecraft:sugar_cane":1,"minecraft:chest":20,"xycraft_world:xychorium_gem_green":5,"minecraft:egg":24,"minecraft:stick":450,"minecraft:raw_iron":3,"minecraft:stone":5,"exdeorum:porcelain_crucible":1,"minecraft:oak_fence":20,"minecraft:torch":288,"exdeorum:tuff_pebble":9,"supplementaries:pedestal":1,"minecraft:porkchop":6,"minecraft:pointed_dripstone":4,"minecraft:carrot":23,"mcwfences:sandstone_grass_topped_wall":75,"mekanismtools:steel_chestplate":1,"minecraft:redstone":2,"exdeorum:silk_worm":2,"minecraft:cactus":2,"minecraft:rotten_flesh":1,"xycraft_world:xychorium_gem_blue":2,"ae2:certus_quartz_dust":3,"exdeorum:diorite_pebble":70,"exdeorum:tin_ore_chunk":3,"exdeorum:andesite_pebble":53,"supplementaries:ash":1,"minecraft:blaze_powder":2,"minecraft:mutton":3,"exdeorum:crushed_deepslate":5,"minecraft:white_wool":4,"minecraft:cobblestone":150,"exdeorum:osmium_ore_chunk":2,"exdeorum:crook":1,"minecraft:pink_petals":5,"minecraft:basalt":1,"exdeorum:basalt_pebble":65,"minecraft:feather":6,"minecraft:andesite":1,"rftoolspower:coalgenerator":1,"minecraft:leather":14,"enderio:grains_of_infinity":6,"minecraft:potato":10,"minecraft:ice":2,"minecraft:flint":42,"minecraft:tuff":1,"minecraft:oak_log":2014,"ironfurnaces:upgrade_iron":1,"botania:flower_bag":1,"minecraft:gunpowder":8,"minecraft:lapis_lazuli":8,"exdeorum:nickel_ore_chunk":3,"minecraft:dirt":837,"pickletweaks:flint_shears":1,"immersiveengineering:hemp_fiber":41,"ae2:sky_dust":1,"minecraft:bone":2,"minecraft:apple":60,"minecraft:stone_bricks":7,"minecraft:wheat_seeds":158,"exdeorum:stone_pebble":363,"exdeorum:oak_sieve":4,"minecraft:oak_fence_gate":1,"minecraft:glowstone_dust":4,"minecraft:iron_sword":1,"minecraft:oak_planks":37,"ironfurnaces:iron_furnace":2,"exdeorum:crushed_blackstone":1,"minecraft:oak_slab":76,"mekanism:metallurgic_infuser":1,"minecraft:sweet_berries":1,"exdeorum:deepslate_pebble":64,"exdeorum:lead_ore_chunk":6,"xycraft_world:xychorium_gem_red":5,"minecraft:stone_brick_slab":31,"minecraft:gravel":80,"minecraft:lava_bucket":1,"minecraft:sand":25,"xycraft_world:xychorium_gem_dark":4,"minecraft:dead_bush":1,"exdeorum:silver_ore_chunk":7,"exdeorum:wooden_watering_can":1,"minecraft:barrel":2,"minecraft:pumpkin_seeds":2,"xycraft_world:xychorium_gem_light":1,"minecraft:clay":1,"exdeorum:aluminum_ore_chunk":1,"minecraft:diamond":22,"exdeorum:calcite_pebble":8,"minecraft:bone_meal":7,"exdeorum:copper_ore_chunk":5,"minecraft:bread":4,"minecraft:oak_sapling":765,"botania:gray_petal":3,"minecraft:melon_seeds":1,"minecraft:coal":2,"minecraft:oak_leaves":268,"alltheores:copper_ore_hammer":1},"minecraft:crafted":{"minecraft:coarse_dirt":7,"minecraft:oak_planks":763,"minecraft:stone_shovel":2,"minecraft:cobblestone_slab":23,"minecraft:cobbled_deepslate":43,"minecraft:cooked_chicken":0,"minecraft:sand":1,"minecraft:furnace":1,"minecraft:stone_button":2,"mcwbridges:oak_log_bridge_stair":6,"minecraft:stone":193,"allthecompressed:cobblestone_1x":3,"minecraft:cooked_mutton":0,"minecraft:oak_trapdoor":12,"allthecompressed:gravel_1x":1,"minecraft:granite":50,"minecraft:basalt":36,"minecraft:glass":3,"minecraft:stone_brick_slab":84,"exdeorum:string_mesh":3,"minecraft:stone_pickaxe":3,"minecraft:chest":168,"minecraft:oak_fence":99,"minecraft:stone_bricks":63,"exdeorum:stone_hammer":20,"silentgear:dried_sinew":0,"minecraft:cooked_beef":0,"minecraft:tuff":1,"exdeorum:stone_barrel":1,"minecraft:oak_slab":346,"minecraft:item_frame":11,"minecraft:wooden_shovel":3,"exdeorum:oak_barrel":1,"minecraft:cooked_porkchop":0,"minecraft:crafting_table":4,"minecraft:calcite":1,"pickletweaks:flint_shears":6,"minecraft:gravel":1,"exdeorum:compressed_stone_hammer":2,"minecraft:stone_axe":21,"mcwbridges:oak_log_bridge_middle":7,"minecraft:diorite":55,"minecraft:bread":10,"minecraft:air":5979,"exdeorum:crook":3,"exdeorum:oak_crucible":2,"minecraft:oak_fence_gate":8,"minecraft:string":13,"minecraft:white_wool":1,"minecraft:cobblestone":99,"minecraft:charcoal":10,"exdeorum:flint_mesh":3,"minecraft:stick":80,"minecraft:stone_slab":3,"minecraft:iron_ingot":2,"minecraft:blackstone":18,"minecraft:oak_stairs":14,"minecraft:stone_sword":1,"minecraft:iron_ore":2,"exdeorum:oak_sieve":3,"minecraft:white_bed":1,"minecraft:andesite":28,"minecraft:torch":6,"minecraft:shears":1,"minecraft:clay":4},"minecraft:broken":{"minecraft:stone_axe":7,"exdeorum:crook":1}},"DataVersion":3465}