[
  {
    "uuid": "cabe07e2-5921-4ee4-8b76-726991f59597",
    "displayName": {
      "insertion": "CABREXI",
      "clickEvent": {
        "action": "suggest_command",
        "value": "/tell CABREXI "
      },
      "hoverEvent": {
        "action": "show_entity",
        "contents": {
          "type": "minecraft:player",
          "id": "cabe07e2-5921-4ee4-8b76-726991f59597",
          "name": {
            "text": "CABREXI"
          }
        }
      },
      "extra": [
        {
          "text": "CABREXI"
        }
      ],
      "text": ""
    },
    "animation": "null"
  },
  {
    "uuid": "a6fd78bb-d6e4-46cc-83af-e0ab16a3c44e",
    "displayName": {
      "insertion": "IvanElZumbado",
      "clickEvent": {
        "action": "suggest_command",
        "value": "/tell IvanElZumbado "
      },
      "hoverEvent": {
        "action": "show_entity",
        "contents": {
          "type": "minecraft:player",
          "id": "a6fd78bb-d6e4-46cc-83af-e0ab16a3c44e",
          "name": {
            "text": "IvanElZumbado"
          }
        }
      },
      "extra": [
        {
          "text": "IvanElZumbado"
        }
      ],
      "text": ""
    },
    "animation": "null"
  }
]